Workbook

Sheet Currency to EUR
A1: Currency | B1: Rate to EUR | C1: Example amount | D1: Converted EUR | E1: Formula used
A2: CAD | B2: 0.68 | C2: 1 | D2: =C2*B2 | E2: '=Source amount * Rate to EUR
A3: CNY | B3: 0.128 | C3: 1 | D3: =C3*B3 | E3: '=Source amount * Rate to EUR
A4: EUR | B4: 1 | C4: 1 | D4: =C4*B4 | E4: '=Source amount * Rate to EUR
A5: JPY | B5: 0.0062 | C5: 1 | D5: =C5*B5 | E5: '=Source amount * Rate to EUR
A6: SGD | B6: 0.68 | C6: 1 | D6: =C6*B6 | E6: '=Source amount * Rate to EUR
A7: THB | B7: 0.0255 | C7: 1 | D7: =C7*B7 | E7: '=Source amount * Rate to EUR
A8: USD | B8: 0.92 | C8: 1 | D8: =C8*B8 | E8: '=Source amount * Rate to EUR
A9: VND | B9: 3.65e-05 | C9: 1 | D9: =C9*B9 | E9: '=Source amount * Rate to EUR

Sheet Cleaned BP
A1: Month | B1: Entity | C1: SIG | D1: BP Value | E1: Country Billing To | F1: Currency | G1: FX Rate to EUR | H1: BP Value EUR
A2: 1 | B2: Vietnam | C2: External Revenue | D2: 4.2633653e+08 | E2: Vietnam | F2: VND | G2: =IFERROR(VLOOKUP(F2,'Currency to EUR'!$A$2:$B$20,2,FALSE),NA()) | H2: =D2*G2
A3: 2 | B3: Vietnam | C3: Internal Revenue | D3: 70016652 | E3: Vietnam | F3: VND | G3: =IFERROR(VLOOKUP(F3,'Currency to EUR'!$A$2:$B$20,2,FALSE),NA()) | H3: =D3*G3
A4: 3 | B4: Vietnam | C4: Consultant Costs | D4: -86140450 | E4: Vietnam | F4: VND | G4: =IFERROR(VLOOKUP(F4,'Currency to EUR'!$A$2:$B$20,2,FALSE),NA()) | H4: =D4*G4
A5: 4 | B5: Vietnam | C5: Manager Costs | D5: -43810200 | E5: Vietnam | F5: VND | G5: =IFERROR(VLOOKUP(F5,'Currency to EUR'!$A$2:$B$20,2,FALSE),NA()) | H5: =D5*G5
A6: 5 | B6: Vietnam | C6: Recruitment Costs | D6: -16894834 | E6: Vietnam | F6: VND | G6: =IFERROR(VLOOKUP(F6,'Currency to EUR'!$A$2:$B$20,2,FALSE),NA()) | H6: =D6*G6
A7: 8 | B7: Vietnam | C7: External Revenue | D7: 4.4226927e+08 | E7: Vietnam | F7: VND | G7: =IFERROR(VLOOKUP(F7,'Currency to EUR'!$A$2:$B$20,2,FALSE),NA()) | H7: =D7*G7
A8: 9 | B8: Vietnam | C8: Internal Revenue | D8: 1.5284818e+08 | E8: Vietnam | F8: VND | G8: =IFERROR(VLOOKUP(F8,'Currency to EUR'!$A$2:$B$20,2,FALSE),NA()) | H8: =D8*G8
A9: 10 | B9: Vietnam | C9: Consultant Costs | D9: -1.7808133e+08 | E9: Vietnam | F9: VND | G9: =IFERROR(VLOOKUP(F9,'Currency to EUR'!$A$2:$B$20,2,FALSE),NA()) | H9: =D9*G9
A10: 11 | B10: Vietnam | C10: Manager Costs | D10: -54301571 | E10: Vietnam | F10: VND | G10: =IFERROR(VLOOKUP(F10,'Currency to EUR'!$A$2:$B$20,2,FALSE),NA()) | H10: =D10*G10
A11: 12 | B11: Vietnam | C11: Recruitment Costs | D11: -5954669.4 | E11: Vietnam | F11: VND | G11: =IFERROR(VLOOKUP(F11,'Currency to EUR'!$A$2:$B$20,2,FALSE),NA()) | H11: =D11*G11
A12: 3 | B12: Vietnam | C12: External Revenue | D12: 5.1832204e+08 | E12: Vietnam | F12: VND | G12: =IFERROR(VLOOKUP(F12,'Currency to EUR'!$A$2:$B$20,2,FALSE),NA()) | H12: =D12*G12
A13: 4 | B13: Vietnam | C13: Internal Revenue | D13: 1.9770122e+08 | E13: Vietnam | F13: VND | G13: =IFERROR(VLOOKUP(F13,'Currency to EUR'!$A$2:$B$20,2,FALSE),NA()) | H13: =D13*G13
... A3073: 4 | B3073: China | C3073: Internal Revenue | D3073: 26986.81 | E3073: China | F3073: CNY | G3073: =IFERROR(VLOOKUP(F3073,'Currency to EUR'!$A$2:$B$20,2,FALSE),NA()) | H3073: =D3073*G3073
