Workbook

Sheet Currency to EUR
A1: Currency | B1: Rate to EUR | C1: Example amount | D1: Converted EUR | E1: Formula used
A2: CAD | B2: 0.68 | C2: 1 | D2: =C2*B2 | E2: '=Source amount * Rate to EUR
A3: CNY | B3: 0.128 | C3: 1 | D3: =C3*B3 | E3: '=Source amount * Rate to EUR
A4: EUR | B4: 1 | C4: 1 | D4: =C4*B4 | E4: '=Source amount * Rate to EUR
A5: JPY | B5: 0.0062 | C5: 1 | D5: =C5*B5 | E5: '=Source amount * Rate to EUR
A6: SGD | B6: 0.68 | C6: 1 | D6: =C6*B6 | E6: '=Source amount * Rate to EUR
A7: THB | B7: 0.0255 | C7: 1 | D7: =C7*B7 | E7: '=Source amount * Rate to EUR
A8: USD | B8: 0.92 | C8: 1 | D8: =C8*B8 | E8: '=Source amount * Rate to EUR
A9: VND | B9: 3.65e-05 | C9: 1 | D9: =C9*B9 | E9: '=Source amount * Rate to EUR

Sheet Cleaned April
A1: UserId | B1: Username | C1: Function | D1: UserStatus | E1: Country | F1: Currency | G1: CommissionStartDate | H1: CommissionEndDate | I1: YtdDue | J1: YtdPayment | K1: RemainingBalance | L1: Yearly Target | M1: Ytd Yearly Target | N1: Revenue | O1: GM | P1: Manager Cost | Q1: CM | R1: FX Rate to EUR | S1: YtdDue EUR | T1: YtdPayment EUR | U1: RemainingBalance EUR | V1: Yearly Target EUR | W1: Ytd Target EUR | X1: Revenue EUR | Y1: GM EUR | Z1: Manager Cost EUR | AA1: CM EUR | AB1: Due/Target
A2: 60001 | B2: NGUYEN An | C2: Manager | D2: In | E2: Vietnam | F2: VND | G2: 46023 | H2: 46387 | I2: 34782060 | J2: 35825522 | K2: -1043461.8 | L2: 1.2068565e+08 | M2: 40228549 | N2: 5.0841533e+08 | O2: 79865263 | P2: 485271.2 | Q2: =O2-P2 | R2: =IFERROR(VLOOKUP(F2,'Currency to EUR'!$A$2:$B$9,2,FALSE),NA()) | S2: =I2*R2 | T2: =J2*R2 | U2: =K2*R2 | V2: =L2*R2 | W2: =M2*R2 | X2: =N2*R2 | Y2: =O2*R2 | Z2: =P2*R2 | AA2: =Y2-Z2 | AB2: =IFERROR(S2/W2,0)
A3: 60002 | B3: TRAN Linh | C3: Manager | D3: In | E3: Vietnam | F3: VND | G3: 46023 | H3: 46387 | I3: 32150646 | J3: 33115165 | K3: -964519.37 | L3: 1.213593e+08 | M3: 40453101 | N3: 1.3465284e+09 | O3: 2.1052656e+08 | P3: 2977535.4 | Q3: =O3-P3 | R3: =IFERROR(VLOOKUP(F3,'Currency to EUR'!$A$2:$B$9,2,FALSE),NA()) | S3: =I3*R3 | T3: =J3*R3 | U3: =K3*R3 | V3: =L3*R3 | W3: =M3*R3 | X3: =N3*R3 | Y3: =O3*R3 | Z3: =P3*R3 | AA3: =Y3-Z3 | AB3: =IFERROR(S3/W3,0)
A4: 60003 | B4: LE Minh | C4: Manager | D4: In | E4: Vietnam | F4: VND | G4: 46023 | H4: 46387 | I4: 34034553 | J4: 29872680 | K4: 4161872.7 | L4: 1.2382378e+08 | M4: 41274593 | N4: 1.6051563e+09 | O4: 2.5957068e+08 | P4: 67989821 | Q4: =O4-P4 | R4: =IFERROR(VLOOKUP(F4,'Currency to EUR'!$A$2:$B$9,2,FALSE),NA()) | S4: =I4*R4 | T4: =J4*R4 | U4: =K4*R4 | V4: =L4*R4 | W4: =M4*R4 | X4: =N4*R4 | Y4: =O4*R4 | Z4: =P4*R4 | AA4: =Y4-Z4 | AB4: =IFERROR(S4/W4,0)
A5: 60104 | B5: PHAM Quang | C5: Manager | D5: In | E5: Vietnam | F5: VND | G5: 46023 | H5: 46387 | I5: 34631213 | J5: 35670150 | K5: -1038936.4 | L5: 1.1612107e+08 | M5: 38707022 | N5: 5.4668298e+08 | O5: 85876600 | P5: 6743837.5 | Q5: =O5-P5 | R5: =IFERROR(VLOOKUP(F5,'Currency to EUR'!$A$2:$B$9,2,FALSE),NA()) | S5: =I5*R5 | T5: =J5*R5 | U5: =K5*R5 | V5: =L5*R5 | W5: =M5*R5 | X5: =N5*R5 | Y5: =O5*R5 | Z5: =P5*R5 | AA5: =Y5-Z5 | AB5: =IFERROR(S5/W5,0)
A6: 60105 | B6: HOANG Mai | C6: Manager | D6: In | E6: Vietnam | F6: VND | G6: 46023 | H6: 46387 | I6: 33521414 | J6: 34527056 | K6: -1005642.4 | L6: 1.1476394e+08 | M6: 38254647 | N6: 1.2586683e+09 | O6: 1.9678983e+08 | P6: 2447040.8 | Q6: =O6-P6 | R6: =IFERROR(VLOOKUP(F6,'Currency to EUR'!$A$2:$B$9,2,FALSE),NA()) | S6: =I6*R6 | T6: =J6*R6 | U6: =K6*R6 | V6: =L6*R6 | W6: =M6*R6 | X6: =N6*R6 | Y6: =O6*R6 | Z6: =P6*R6 | AA6: =Y6-Z6 | AB6: =IFERROR(S6/W6,0)
A7: 60106 | B7: BUI Thanh | C7: Manager | D7: In | E7: Vietnam | F7: VND | G7: 46023 | H7: 46387 | I7: 35579187 | J7: 36646562 | K7: -1067375.6 | L7: 1.1751039e+08 | M7: 39170129 | N7: 1.763809e+09 | O7: 2.852265e+08 | P7: 75430160 | Q7: =O7-P7 | R7: =IFERROR(VLOOKUP(F7,'Currency to EUR'!$A$2:$B$9,2,FALSE),NA()) | S7: =I7*R7 | T7: =J7*R7 | U7: =K7*R7 | V7: =L7*R7 | W7: =M7*R7 | X7: =N7*R7 | Y7: =O7*R7 | Z7: =P7*R7 | AA7: =Y7-Z7 | AB7: =IFERROR(S7/W7,0)
A8: 60107 | B8: DOAN Huy | C8: Manager | D8: In | E8: Vietnam | F8: VND | G8: 46023 | H8: 46387 | I8: 32796350 | J8: 33780241 | K8: -983890.51 | L8: 1.189642e+08 | M8: 39654733 | N8: 4.6040926e+08 | O8: 72324149 | P8: 482264.72 | Q8: =O8-P8 | R8: =IFERROR(VLOOKUP(F8,'Currency to EUR'!$A$2:$B$9,2,FALSE),NA()) | S8: =I8*R8 | T8: =J8*R8 | U8: =K8*R8 | V8: =L8*R8 | W8: =M8*R8 | X8: =N8*R8 | Y8: =O8*R8 | Z8: =P8*R8 | AA8: =Y8-Z8 | AB8: =IFERROR(S8/W8,0)
A9: 60108 | B9: VU Anh | C9: Manager | D9: In | E9: Vietnam | F9: VND | G9: 46023 | H9: 46387 | I9: 28772926 | J9: 29636114 | K9: -863187.78 | L9: 1.1779995e+08 | M9: 39266652 | N9: 1.2310104e+09 | O9: 1.9246559e+08 | P9: 1487478.9 | Q9: =O9-P9 | R9: =IFERROR(VLOOKUP(F9,'Currency to EUR'!$A$2:$B$9,2,FALSE),NA()) | S9: =I9*R9 | T9: =J9*R9 | U9: =K9*R9 | V9: =L9*R9 | W9: =M9*R9 | X9: =N9*R9 | Y9: =O9*R9 | Z9: =P9*R9 | AA9: =Y9-Z9 | AB9: =IFERROR(S9/W9,0)
A10: 60109 | B10: DANG Khoa | C10: Manager | D10: In | E10: Vietnam | F10: VND | G10: 46023 | H10: 46387 | I10: 32793966 | J10: 33777785 | K10: -983819 | L10: 1.2077933e+08 | M10: 40259776 | N10: 1.4594658e+09 | O10: 2.36011e+08 | P10: 65093588 | Q10: =O10-P10 | R10: =IFERROR(VLOOKUP(F10,'Currency to EUR'!$A$2:$B$9,2,FALSE),NA()) | S10: =I10*R10 | T10: =J10*R10 | U10: =K10*R10 | V10: =L10*R10 | W10: =M10*R10 | X10: =N10*R10 | Y10: =O10*R10 | Z10: =P10*R10 | AA10: =Y10-Z10 | AB10: =IFERROR(S10/W10,0)
A11: 60110 | B11: NGO Thao | C11: Manager | D11: In | E11: Vietnam | F11: VND | G11: 46023 | H11: 46387 | I11: 34887269 | J11: 30621123 | K11: 4266146 | L11: 1.2355765e+08 | M11: 41185883 | N11: 5.6857468e+08 | O11: 89315494 | P11: 8550452.8 | Q11: =O11-P11 | R11: =IFERROR(VLOOKUP(F11,'Currency to EUR'!$A$2:$B$9,2,FALSE),NA()) | S11: =I11*R11 | T11: =J11*R11 | U11: =K11*R11 | V11: =L11*R11 | W11: =M11*R11 | X11: =N11*R11 | Y11: =O11*R11 | Z11: =P11*R11 | AA11: =Y11-Z11 | AB11: =IFERROR(S11/W11,0)
A12: 60111 | B12: PHAN Nam | C12: Manager | D12: In | E12: Vietnam | F12: VND | G12: 46023 | H12: 46387 | I12: 33672656 | J12: 34682836 | K12: -1010179.7 | L12: 1.1426901e+08 | M12: 38089671 | N12: 1.4776122e+09 | O12: 2.3102121e+08 | P12: 1.2397433e+08 | Q12: =O12-P12 | R12: =IFERROR(VLOOKUP(F12,'Currency to EUR'!$A$2:$B$9,2,FALSE),NA()) | S12: =I12*R12 | T12: =J12*R12 | U12: =K12*R12 | V12: =L12*R12 | W12: =M12*R12 | X12: =N12*R12 | Y12: =O12*R12 | Z12: =P12*R12 | AA12: =Y12-Z12 | AB12: =IFERROR(S12/W12,0)
A13: 60112 | B13: HUYNH Lan | C13: Manager | D13: In | E13: Vietnam | F13: VND | G13: 46023 | H13: 46387 | I13: 31766421 | J13: 27881904 | K13: 3884517 | L13: 1.2003057e+08 | M13: 40010189 | N13: 1.7587542e+09 | O13: 2.8440909e+08 | P13: 28812538 | Q13: =O13-P13 | R13: =IFERROR(VLOOKUP(F13,'Currency to EUR'!$A$2:$B$9,2,FALSE),NA()) | S13: =I13*R13 | T13: =J13*R13 | U13: =K13*R13 | V13: =L13*R13 | W13: =M13*R13 | X13: =N13*R13 | Y13: =O13*R13 | Z13: =P13*R13 | AA13: =Y13-Z13 | AB13: =IFERROR(S13/W13,0)
... A137: 60100 | B137: HU Jun | C137: Manager | D137: In | E137: China | F137: CNY | G137: 46023 | H137: 46387 | I137: 70730.91 | J137: 64367.55 | K137: 6363.36 | L137: 230057.12 | M137: 76685.71 | N137: 377369.54 | O137: 66803.2 | P137: 1943.62 | Q137: =O137-P137 | R137: =IFERROR(VLOOKUP(F137,'Currency to EUR'!$A$2:$B$9,2,FALSE),NA()) | S137: =I137*R137 | T137: =J137*R137 | U137: =K137*R137 | V137: =L137*R137 | W137: =M137*R137 | X137: =N137*R137 | Y137: =O137*R137 | Z137: =P137*R137 | AA137: =Y137-Z137 | AB137: =IFERROR(S137/W137,0)
