Workbook

Sheet Currency to EUR
A1: Currency | B1: Rate to EUR | C1: Example amount | D1: Converted EUR | E1: Formula used
A2: CAD | B2: 0.68 | C2: 1 | D2: =C2*B2 | E2: '=Source amount * Rate to EUR
A3: CNY | B3: 0.128 | C3: 1 | D3: =C3*B3 | E3: '=Source amount * Rate to EUR
A4: EUR | B4: 1 | C4: 1 | D4: =C4*B4 | E4: '=Source amount * Rate to EUR
A5: JPY | B5: 0.0062 | C5: 1 | D5: =C5*B5 | E5: '=Source amount * Rate to EUR
A6: SGD | B6: 0.68 | C6: 1 | D6: =C6*B6 | E6: '=Source amount * Rate to EUR
A7: THB | B7: 0.0255 | C7: 1 | D7: =C7*B7 | E7: '=Source amount * Rate to EUR
A8: USD | B8: 0.92 | C8: 1 | D8: =C8*B8 | E8: '=Source amount * Rate to EUR
A9: VND | B9: 3.65e-05 | C9: 1 | D9: =C9*B9 | E9: '=Source amount * Rate to EUR

Sheet Cleaned Manager cost
A1: Period | B1: UserId | C1: Username | D1: UserStatus | E1: Country | F1: Currency | G1: CommissionStartDate | H1: CommissionEndDate | I1: Manager Cost | J1: FX Rate to EUR | K1: Manager Cost EUR
A2: May | B2: 60001 | C2: NGUYEN An | D2: In | E2: Vietnam | F2: VND | G2: 46023 | H2: 46387 | I2: 605474.87 | J2: =IFERROR(VLOOKUP(F2,'Currency to EUR'!$A$2:$B$20,2,FALSE),NA()) | K2: =I2*J2
A3: May | B3: 60002 | C3: TRAN Linh | D3: In | E3: Vietnam | F3: VND | G3: 46023 | H3: 46387 | I3: 3774084.5 | J3: =IFERROR(VLOOKUP(F3,'Currency to EUR'!$A$2:$B$20,2,FALSE),NA()) | K3: =I3*J3
A4: May | B4: 60003 | C4: LE Minh | D4: In | E4: Vietnam | F4: VND | G4: 46023 | H4: 46387 | I4: 86620255 | J4: =IFERROR(VLOOKUP(F4,'Currency to EUR'!$A$2:$B$20,2,FALSE),NA()) | K4: =I4*J4
A5: May | B5: 60004 | C5: PHAM Quang | D5: In | E5: Vietnam | F5: VND | G5: 46023 | H5: 46387 | I5: 8550911.1 | J5: =IFERROR(VLOOKUP(F5,'Currency to EUR'!$A$2:$B$20,2,FALSE),NA()) | K5: =I5*J5
A6: May | B6: 60005 | C6: HOANG Mai | D6: In | E6: Vietnam | F6: VND | G6: 46023 | H6: 46387 | I6: 3101672.2 | J6: =IFERROR(VLOOKUP(F6,'Currency to EUR'!$A$2:$B$20,2,FALSE),NA()) | K6: =I6*J6
A7: May | B7: 60006 | C7: BUI Thanh | D7: In | E7: Vietnam | F7: VND | G7: 46023 | H7: 46387 | I7: 96099381 | J7: =IFERROR(VLOOKUP(F7,'Currency to EUR'!$A$2:$B$20,2,FALSE),NA()) | K7: =I7*J7
A8: May | B8: 60007 | C8: DOAN Huy | D8: In | E8: Vietnam | F8: VND | G8: 46023 | H8: 46387 | I8: 601723.67 | J8: =IFERROR(VLOOKUP(F8,'Currency to EUR'!$A$2:$B$20,2,FALSE),NA()) | K8: =I8*J8
A9: May | B9: 60008 | C9: VU Anh | D9: In | E9: Vietnam | F9: VND | G9: 46023 | H9: 46387 | I9: 1899939.8 | J9: =IFERROR(VLOOKUP(F9,'Currency to EUR'!$A$2:$B$20,2,FALSE),NA()) | K9: =I9*J9
A10: May | B10: 60009 | C10: DANG Khoa | D10: In | E10: Vietnam | F10: VND | G10: 46023 | H10: 46387 | I10: 82930401 | J10: =IFERROR(VLOOKUP(F10,'Currency to EUR'!$A$2:$B$20,2,FALSE),NA()) | K10: =I10*J10
A11: May | B11: 60010 | C11: NGO Thao | D11: In | E11: Vietnam | F11: VND | G11: 46023 | H11: 46387 | I11: 10830942 | J11: =IFERROR(VLOOKUP(F11,'Currency to EUR'!$A$2:$B$20,2,FALSE),NA()) | K11: =I11*J11
A12: May | B12: 60011 | C12: PHAN Nam | D12: In | E12: Vietnam | F12: VND | G12: 46023 | H12: 46387 | I12: 1.5752212e+08 | J12: =IFERROR(VLOOKUP(F12,'Currency to EUR'!$A$2:$B$20,2,FALSE),NA()) | K12: =I12*J12
A13: May | B13: 60012 | C13: HUYNH Lan | D13: In | E13: Vietnam | F13: VND | G13: 46023 | H13: 46387 | I13: 36427319 | J13: =IFERROR(VLOOKUP(F13,'Currency to EUR'!$A$2:$B$20,2,FALSE),NA()) | K13: =I13*J13
... A273: April | B273: 60100 | C273: HU Jun | D273: In | E273: China | F273: CNY | G273: 46023 | H273: 46387 | I273: 1943.62 | J273: =IFERROR(VLOOKUP(F273,'Currency to EUR'!$A$2:$B$20,2,FALSE),NA()) | K273: =I273*J273
